library,workbook,sheet,cell_line,n_rows,n_columns,protocol_name_count,protocol_names,missing_sample_id_count,missing_sample_name_count,duplicate_column_names,blank_header_column_count,mixed_cell_line_values,multiple_libraries,library_values,multiple_protocol_names,unexpected_blank_row_count,merged_cell_range_count,formula_cell_count,csv_output,staged_csv_sha256,staged_csv_size_bytes,notes
NPC,Data/HTS_CellLine_raw/GBM cells-NPC primary screen-results.xlsx,U251,U251,2807,116,1,TRND-Glioblastoma_NPC_U251-primary_screen,0,62,,0,NO explicit cell-line column,YES,2019_NPC_02; null; 2019_NPC_01,NO,0,0,0,HTS_GBM_GitHub_deposition/github_package/data/NPC_U251_primary_screen.csv,2d49306d8a31ec2202267779b486dcd20fc1fb94ca8a7a403e34d0563fef3b67,2468814,multiple source Library-column values retained
NPC,Data/HTS_CellLine_raw/GBM cells-NPC primary screen-results.xlsx,T98,T98G,2807,116,1,TRND-Glioblastoma_NPC_T98G-primary_screen,0,62,,0,NO explicit cell-line column,YES,null; 2019_NPC_01; 2019_NPC_02,NO,0,0,0,HTS_GBM_GitHub_deposition/github_package/data/NPC_T98G_primary_screen.csv,e24fda14085d1617388e4e8895558cd2f8a0136d19261d8bd3a921691581c702,2471051,multiple source Library-column values retained
NPC,Data/HTS_CellLine_raw/GBM cells-NPC primary screen-results.xlsx,A172,A172,2807,116,1,TRND-Glioblastoma_NPC_A172-primary-screen,0,62,,0,NO explicit cell-line column,YES,2019_NPC_02; null; 2019_NPC_01,NO,0,0,0,HTS_GBM_GitHub_deposition/github_package/data/NPC_A172_primary_screen.csv,8e515c2a5b03982deb7fd68e92e6821e500e01bcf2601b99569712dbf318de21,2471750,multiple source Library-column values retained
NPC,Data/HTS_CellLine_raw/GBM cells-NPC primary screen-results.xlsx,H4,H4,2807,117,1,TRND-Glioblastoma_NPC_H4-primary_screen,0,62,,1,NO explicit cell-line column,YES,null; 2019_NPC_01; 2019_NPC_02,NO,0,0,0,HTS_GBM_GitHub_deposition/github_package/data/NPC_H4_primary_screen.csv,cff175e909d7d187b28f552a28c97778afd515cf44d37ed66f1e7cc5eff13ac9,2459017,1 blank header column(s) retained; multiple source Library-column values retained
LOPAC,Data/HTS_CellLine_raw/GBM cells-LOPAC primary screen-results.xlsx,H4,H4,1279,116,1,TRND-Glioblastoma_LOPAC_H4-primary_screen2,0,4,,0,NO explicit cell-line column,NO,2021_LOPAC_01,NO,0,0,0,HTS_GBM_GitHub_deposition/github_package/data/LOPAC_H4_primary_screen.csv,adad4b9b46d5ad89d6811682ecb2b5e5e091a5f73f71587fed571118bdc77f33,978495,No extraction irregularity detected
LOPAC,Data/HTS_CellLine_raw/GBM cells-LOPAC primary screen-results.xlsx,U251,U251,1279,116,1,TRND-Glioblastoma_LOPAC_U251-primary_screen2,0,4,,0,NO explicit cell-line column,NO,2021_LOPAC_01,NO,0,0,0,HTS_GBM_GitHub_deposition/github_package/data/LOPAC_U251_primary_screen.csv,3f016e97eab306e563fc52ec15330840578d2fc14016c358c7f483a64580d8e0,984177,No extraction irregularity detected
LOPAC,Data/HTS_CellLine_raw/GBM cells-LOPAC primary screen-results.xlsx,A172,A172,1279,116,1,TRND-Glioblastoma_LOPAC_A172-primary_screen2,0,4,,0,NO explicit cell-line column,NO,2021_LOPAC_01,NO,0,0,0,HTS_GBM_GitHub_deposition/github_package/data/LOPAC_A172_primary_screen.csv,3f2f823cc7a35fe2d60594eba476091901b05b3f62770d143fecc1e085c026f9,987046,No extraction irregularity detected
LOPAC,Data/HTS_CellLine_raw/GBM cells-LOPAC primary screen-results.xlsx,T98G,T98G,1279,116,1,TRND-Glioblastoma_LOPAC_T98G-primary_screen2,0,4,,0,NO explicit cell-line column,NO,2021_LOPAC_01,NO,0,0,0,HTS_GBM_GitHub_deposition/github_package/data/LOPAC_T98G_primary_screen.csv,3d073fccbc9ccda1c8d1b00f59033d6e436ea4dd08ca9c1101ca1dc9914b50a2,985472,No extraction irregularity detected
NPACT,Data/HTS_CellLine_raw/GBM cells-NPACT primary screen-results.xlsx,A172,A172,5451,116,1,TRND-Glioblastoma_A172_NPACT-primary_screen,0,2329,,0,NO explicit cell-line column,YES,2020_NPACT_01; 2020_NPACT_02; 2020_NPACT_04; 2020_NPACT_03,NO,0,0,0,HTS_GBM_GitHub_deposition/github_package/data/NPACT_A172_primary_screen.csv,a3de7fa8354d1e80c5d37ed35858203ec12a621c7aaa27a7af6dc986ec115f13,4623791,multiple source Library-column values retained
NPACT,Data/HTS_CellLine_raw/GBM cells-NPACT primary screen-results.xlsx,H4,H4,5451,116,1,TRND-Glioblastoma_H4_NPACT-primary_screen,0,2329,,0,NO explicit cell-line column,YES,2020_NPACT_01; 2020_NPACT_02; 2020_NPACT_03; 2020_NPACT_04,NO,0,0,0,HTS_GBM_GitHub_deposition/github_package/data/NPACT_H4_primary_screen.csv,5b751fca429d45bc5ae5661c475f6a6cda0a7b878e61e32cc6acebacd5aa9812,4614154,multiple source Library-column values retained
NPACT,Data/HTS_CellLine_raw/GBM cells-NPACT primary screen-results.xlsx,U251,U251,5451,116,1,TRND-Glioblastoma_U251_NPACT-primary_screen,0,2329,,0,NO explicit cell-line column,YES,2020_NPACT_03; 2020_NPACT_02; 2020_NPACT_04; 2020_NPACT_01,NO,0,0,0,HTS_GBM_GitHub_deposition/github_package/data/NPACT_U251_primary_screen.csv,b644de03290b113e81de85c81aabfdcfde8c0f747232439a725d78cc37548960,4638020,multiple source Library-column values retained
NPACT,Data/HTS_CellLine_raw/GBM cells-NPACT primary screen-results.xlsx,T98G,T98G,5451,116,1,TRND-Glioblastoma_T98G_NPACT-primary_screen,0,2329,,0,NO explicit cell-line column,YES,2020_NPACT_02; 2020_NPACT_04; 2020_NPACT_03; 2020_NPACT_01,NO,0,0,0,HTS_GBM_GitHub_deposition/github_package/data/NPACT_T98G_primary_screen.csv,dc9055062a46b522a9b25405112728026d906f7d3889da8e214cacbe7cc5346a,4681846,multiple source Library-column values retained
